Length,Width,Color Intensity,Fin Length
3.1773844298065113,2.6596756227965406,29.088235567635095,3.7970060026775516
3.0292737217697794,2.3104123668386123,33.826793173333904,4.3397830634339645
2.6709086632449273,2.338214934852587,24.69469048416837,4.798229179164025
2.8548269779035813,2.577541745615601,19.277519405460414,4.524378371038798
3.3034203070209127,2.3779393862028972,29.370139694318606,3.929941376077909
2.9501582043805414,2.801323440052503,39.7424348362992,4.552873291542743
3.4234023925867176,2.4031384747596984,40.99580840069951,4.646938609786623
3.6186901640135636,2.0720030561269427,39.463836111116755,4.361420506209722
3.1699427463776,2.795062373138263,42.78307388161912,5.078365361875795
2.457316460514612,2.5821632426990697,40.91651181955825,4.2992754591328
3.0471690483066007,2.646000621599553,41.71062794423271,4.298088080777456
3.064987274945749,2.3600962314875638,30.510821094919418,3.2837562569583167
3.518040253024681,2.6682367704357492,46.328679012774,3.3396257114142194
3.3398237683899166,2.3676688418287326,34.316813278820504,4.761472970866002
3.3246125271713485,2.460933654152461,39.82323719844789,4.551357899874492
3.190329267124657,2.5545427742662996,39.587940862673015,3.9107544814855113
3.259104134983931,2.6832397241091845,39.08362788662096,4.594258414136843
3.229757839672077,2.6724924277044537,27.81996762691108,4.477129021261836
3.658197309064161,2.7505124668347225,58.354664904545615,4.3553021532530485
3.503450309890139,2.63592730548323,32.21175073664625,3.3646873275069833
2.776513899852494,2.5778148083963877,22.05912068072532,3.9935456675680343
3.0698330933784095,2.5240536988951323,22.993453172277775,4.509396795658143
3.2092715336756394,2.527026076706433,33.926170048664005,4.350127931762086
2.6658456690374353,2.5699647514092803,36.902871775517276,4.417429588643016
2.9122685780116377,2.708277455368519,15.10919431554521,4.5439165878810135
3.2384811912091935,2.29843828066679,35.78696838332041,3.411174756557277
3.7884314411184254,2.4759733678159614,43.03078978593091,4.33468044780046
3.2009459716093693,2.6341930541405527,26.435629477111668,4.911159677498275
3.6069735045902154,1.7518937779411945,35.06452817429369,4.621338096005604
3.5484658786443926,2.431884735181414,42.32139229715056,4.143881211358959
3.2078663505314897,2.280234437968678,36.04586697584653,3.7766040678786204
3.3467188150911866,2.7433514627981066,29.918077913887426,4.713499571579692
3.6078678473696737,2.1204569928801513,39.54963898357293,3.98857320248817
3.0728504553282665,3.023087954901903,42.66734466167684,4.642182883860476
3.393072508148491,2.932089776924905,39.59792238280554,4.458148710417871
3.1020841320321155,2.3925266385751334,31.439831938542994,4.205862726920093
3.704938668238609,2.508261907059747,47.04286434031902,4.305042730574593
3.448092527948337,2.292986392661888,35.493584478104744,3.8947508302119327
3.2168423491640477,2.1047519998341238,21.05194739593829,4.156509132754755
3.201932734119606,2.2636438351427803,34.779842738688004,3.730203662826303
3.27881397684881,2.5680013948401332,38.940812563069215,4.444489209620794
3.32937725725535,2.129448522478418,16.814920902520086,4.711412423678758
3.7228652487992706,2.5689743117508725,37.58924342211589,3.6806185627853343
2.8249751595654846,2.7610746832717283,38.57638394511483,3.8327462755546975
2.554274330117088,2.719946656099307,56.59923676245303,4.335508459856343
2.6709134285537983,2.60347049179017,29.03567192664145,3.9141129842391895
3.082814376429948,2.436322010739961,36.72067147056476,4.253258659426021
3.090060542554745,1.8042372085008735,15.544942481403808,4.348479992586156
3.274032710995525,2.3349596978658997,17.24618438012713,4.228414278178095
3.540893788269174,2.7356589598588785,43.4344802503953,4.089002003213923
3.5735295124489763,2.48587732664017,31.525870695959206,3.9136080142394998
2.918785789642452,2.7366661378160466,36.730468862294856,4.018753091559595
3.106375020448505,2.4712252522813785,39.908335588536474,3.447662368735728
3.278868164525508,2.554911031302517,37.04553805691913,3.9234016722199088
2.727890512090239,2.398195607633485,23.33624996646894,4.302202388502895
3.5086360783664943,2.1944698921502095,33.14439496747536,4.026786089898408
3.099024663877184,2.315779013532669,24.413617673284598,4.9111146082262875
3.312957517092625,2.2801142765046856,50.474689078976155,3.8186306175101747
2.8677126363852663,3.0416448937835896,11.015434556663529,4.3825706298609
3.4666328635560575,2.2595375207810178,35.7577805616689,4.62623372955163
4.0700295467131795,2.6749718714611617,26.881572141709647,4.040889811790633
2.9712845222907047,2.423412754378474,30.109586036296907,4.03495883657122
3.0605224863142726,2.5080861179777854,35.68099300195411,4.804864171899779
3.8594175651261633,2.052831279535211,34.16223508039042,4.323064753694181
3.3882264192802642,2.5595371338719657,13.573510782063567,4.372362198309165
2.785168850268101,2.3869349600193064,32.74816961201339,4.801240826693176
3.2035535528717816,2.612833052938502,36.205426198616756,4.24993511869282
3.878244376361881,2.5104770778807,22.641764075866334,4.261153605266972
3.3803933525393632,1.8953071047094538,27.71259190320526,3.9586377649394264
3.7011803949727957,2.061412514047941,28.78343248202013,4.7586803301864
3.8053805991493976,2.715776016333979,45.823408077334825,4.042531745517753
2.8569452918916367,2.756427216116565,32.41564691242595,3.579496046729835
3.277022343872438,2.4852378922758622,29.178083326792287,4.232320813504861
3.688442358535178,2.707425311781831,30.79548226044909,3.9363914285570383
3.6039959883773798,2.4225579363948353,36.95647651742007,4.007096085466612
2.7022471771124374,2.434911943549742,48.846866913164746,3.566956125949492
3.1977847434605797,2.2293449108225842,29.921484839586896,4.69020109821554
3.249905808482497,2.4956402929074284,23.284430060041714,4.87202265603514
3.961067705707042,2.099072539596383,39.68968321264892,4.298693762679938
3.219693242592679,2.6416624440083645,45.02058634052284,4.373185765287305
3.3522546189144418,2.497280966096118,38.900564045608725,4.8236688689664176
3.0581060660967085,2.388292344421555,41.41852944659597,4.1805138797052965
3.493338865591612,2.674291886429181,39.88682528145064,3.749759917217708
3.1089263697692844,2.4683233595880014,47.09701053085387,4.4041790484985635
3.5226172417044066,2.4456717058708057,50.09195120850922,3.565691854365927
3.355812571323792,2.646776373328472,32.98601381613549,4.071524945546698
3.1107939222610885,2.771136349009,21.994753311632664,5.131014122293977
3.1893636659553772,2.7182235545579045,26.277323022995688,4.279014734370021
3.895958999980557,2.4986285266736443,55.34551186813486,4.5094049738793425
3.635441353873633,2.8243843046116366,31.73638061642065,4.24675708373979
3.2800577712578245,2.6273029602260927,30.552378244392003,5.330963068313835
3.1268706781018727,2.626187913687466,25.412888004602916,4.385203229939584
3.4097404505343296,2.2421735758914183,34.46942499081234,4.93783826461386
3.573980118366182,2.5301633676744477,45.67199427136327,3.954568005839055
3.1053739493772543,2.434116976878251,48.43980850252653,5.020810912827313
3.3800083644487344,2.918758163871886,21.067786241077552,3.5480899266703863
3.1672166091261444,2.03408406994333,31.80014492529235,3.6900328893726906
3.1312004260452158,2.5714375907016747,23.165064088922183,4.5492201253285804
3.2843820515781768,2.5123554553242964,37.96711166037613,5.148053724288173
2.9978958067523873,2.5955114203157628,49.59682452519263,4.22203741333183
3.7558368098069668,2.7832204112611802,19.909996455756655,4.34301322899107
3.643686868133764,2.642598827200913,27.181587167150315,4.185988626506813
3.317141645952378,2.8237165146944396,41.538587435045805,3.8267591274993
3.273821085256666,2.523818950783956,37.954491908256216,4.680015191975571
3.4543755405662218,2.3469497965330404,16.6906131200189,3.982865992474813
3.1803551422794403,2.566930733012043,42.76951783677244,4.169664442398416
3.630249958667923,2.702030407420843,49.54135815501324,4.477238913634267
3.7047457745895316,2.6773405218880724,24.493215685224598,3.971043632743892
3.674106168076265,2.4052985923724255,37.83802526439519,4.52443726848248
3.5187891407246807,2.605328547844886,39.75420501270723,4.742915803993564
3.9918217200671258,2.8775390026138936,39.2875001178757,4.571555026013935
3.2891499984164123,3.177262900497393,39.04173721874562,4.662107079480736
3.540654173228153,2.4507273691499063,48.72874551992695,4.432381235333568
3.533938381789152,2.8696803411556986,30.43677118106566,4.030452242609578
3.5520804270152637,2.327607060284443,28.12650916463483,4.66656467420998
3.0757725619143508,2.123570971110623,52.69748091106723,4.607088564218749
3.400780925651296,2.6526020284561223,34.76608161444444,3.781811712810158
3.55710777388846,2.5998805979895785,41.477481054762826,4.12769534227356
3.1026594995335053,2.164149001100637,46.44139903384002,4.100482369485846
3.686592880506491,2.4626075011983333,31.80853061954621,4.964255395057426
3.2650409224267425,2.2565119390227077,33.29509529260682,4.2681331250093395
3.090129457952867,2.1104465650033495,35.83003120822958,3.9060573511652965
3.8838853016511456,2.325203752431453,25.09998792462473,4.052613388650227
3.1422722902183033,2.963004249647235,47.07982644927166,4.483333606795877
3.330515452500951,2.213934932572317,32.10484795304601,4.927970023824738
3.569926692616051,2.8085431061176545,34.633672192122745,4.251107912223317
3.2819526444615064,2.4306267418127363,48.723186767595735,4.176288770261342
3.031933640830495,2.6432088957105053,32.382867221444236,4.383540815764532
2.8235513365601856,2.3567993143845314,20.63313631648337,3.624087236609192
3.6213663030569556,2.663242023563265,39.28617422350807,4.672255149823878
2.798529666690021,2.42585201484337,43.599982809811856,4.773196276520374
2.977307190438229,2.659554107020296,31.690552029349696,4.263709577864906
3.2720133304621806,2.5331241120296775,51.18557115259069,4.0073115514373026
2.91622434737458,2.2646348655166197,33.62590511019206,4.216654389585515
3.488435837409986,2.5318102586675884,22.779114808465778,4.146617385436987
3.3323019184139833,2.14824183547405,39.3816257348063,4.230060059977756
3.7830382332913537,2.4201454480686926,32.698586871734946,4.815769470688351
3.787396641388683,2.3263055181582586,37.659617831559196,4.324731923402942
3.526055025004005,2.5970169588639123,50.82924949179764,4.5053372463636485
3.7582417123679437,2.8066255698749383,16.85302566357294,4.630602355262341
3.588228359418037,2.2259065696529707,48.610872334938286,4.246429274035415
3.1012807990300595,2.63229595925842,45.469706957158984,3.703905153046618
2.5990672089971505,2.048713248744282,42.91665271408356,3.980494445936042
3.465243218727313,2.301378042212834,52.725453034656034,4.588347438301442
2.9877681559795253,2.49023964213379,41.75749884616686,3.953721421696188
2.473018816741289,2.01071117720357,45.67510141741561,4.517480623376327
3.386730958204698,2.4090468869641053,20.055514062359695,5.672335151527653
3.309215941177775,2.48727962289887,33.73032013530154,3.5859340547913505
3.380987069419487,2.4609586993246513,55.224618136300954,4.11950970654048
3.5925633327462974,2.7748513562441466,37.03194126584941,3.5853123548032984
3.741346555611122,2.2395487892855535,27.095445997158183,4.486259122044719
2.8749107055609717,2.37551520338615,28.137916200224655,4.032747133504427
3.0114761847299603,2.410573997406715,50.257653697894725,3.7407209162832036
3.9733144060132726,2.6023084003673604,21.751409001947092,4.437926157549358
3.6603694421024433,2.7262888106498226,40.75949157876543,3.6898598339834434
3.729515721219952,3.0194616365290803,41.8647633405019,4.504323238465622
3.621055845833305,2.5990223933242507,35.55597364483684,4.512986135256659
3.4431707303870627,2.0418829446059776,35.18810904089798,4.664274170689369
2.881810618083455,2.5275466619413547,0.08439486428643918,4.019069567885471
3.850922227563155,2.768968185506085,32.510288109132446,4.361169437203223
2.670471658919402,2.761796738523223,36.93096276765359,5.1211792265509875
3.5068291073813587,2.6357789860361613,36.555228449133644,4.96553773083712
3.290633129617824,2.835744080015123,24.675107895148923,4.34458098619016
4.20745876037619,2.698943807567118,30.123484052507454,4.355899799219845
3.224340572742658,2.4505471425386642,42.70875670020859,4.97646373963998
3.054918991924552,2.163338720096126,26.549725267762216,4.176014216773695
3.1825407031922874,2.333404202075235,46.882535924040766,4.009619313498533
3.684391295819355,2.5426886820541936,50.08563372167199,5.06994386792246
3.4269250058188545,2.04848819982165,41.618629973525216,4.584072487264023
2.740614233139124,2.150340346305803,41.27204751200446,4.433553182098435
3.0586193319561974,2.7729823958417823,3.337522091464286,4.591973774596037
3.3227593011352106,2.6522507303338396,46.66768409268072,5.2031272657729755
3.5534918978432635,2.4959548500696327,42.09209226388609,4.19369586434951
3.3651579981805777,2.314869525525827,49.22268835036172,4.447381454106889
2.947431340297214,2.8648089535554133,58.03259113747594,5.4609243958613325
3.499997156191111,2.1630441982548856,39.398175706245524,4.153050613707497
3.1765254429840515,2.5081586379889975,33.225387675068596,3.8218223593771317
3.4137451582523957,2.7357646134424756,32.87275356896701,3.922379943133058
3.8194643825587873,2.377182172545617,49.9502085299338,4.159474430753326
3.164005698810557,2.6090537812552954,28.15381502346943,4.933189837540665
3.4705127345875746,2.654416086028125,22.25364720669,4.480829112336074
2.992167106357891,2.117558215121978,32.32368514241547,3.845985768634773
3.023042870265274,2.626527277027443,42.22417272819246,3.167461304586379
3.3058442855255166,2.5370194586128885,49.279433476039415,5.30112586170585
3.40489444882026,2.8355993411392992,11.876338866680534,3.935102868570457
3.2313854212228765,2.400244124697352,36.004065012358346,3.933936929968515
3.0336813205449835,2.423877846504397,20.235594369077837,4.875971662191334
3.214736260138454,2.9093958603435843,34.414833745481246,4.394770456601644
3.4443618220094945,2.287810677219616,26.84516110945293,4.835663615523101
3.2626991476320844,2.2696617866303934,39.0247462977273,4.923830825456564
3.2542987736775344,2.1890909211292913,29.591960929910975,3.999515545257307
3.295177635942256,2.825302365268424,28.847102962394302,4.4641608983304515
3.693631444115383,2.260451477619761,40.2473801971052,3.929437313245549
3.3980465767683485,2.4220322737992723,36.77672908610044,4.039019983283772
2.8825195883512063,2.299524918827841,39.091871882693674,3.821722181770745
2.9752225666178056,2.87948115450636,49.10034076133665,4.111996419073206
3.4500012721372126,2.746304503598637,47.5860208606078,4.005550915178886
3.005081226254059,2.352075523881118,21.829920138451513,4.062214474885509
3.452706394466957,1.9764377835776172,28.024156087245643,4.539569279921257
2.8774545381159227,2.1473808541752843,37.34890232812866,4.404732096653825
3.3212360852721927,2.221628016131931,23.951214198674293,3.7649540968435433
3.2685959981591726,2.489021907833015,63.60079602870948,4.9705625947114305
3.739375054354166,2.446958064706926,25.259226963154852,4.374945558571592
3.234062472751198,2.6046927333383514,35.10572979699062,3.9721559106681377
3.0189105981354802,2.9780720006839982,30.926018474281715,5.4678815971939985
3.43278950528967,1.991210801001514,37.45685097393574,4.960311085596376
3.0237142810417694,2.7186895073820265,44.56937485308031,4.089687005041986
3.2347618490909618,2.567036407657349,41.39765168335066,4.3534069670673325
3.306566775543485,2.6506958685930853,22.403776764064112,3.3196095383401576
3.715924129552135,2.8183257074271557,18.745684381701988,4.325900124798269
3.3985152125261675,2.2959353956508894,33.12649234857578,3.8247947246738265
3.11982546023648,2.515494431888322,52.425533828233746,4.697799380771558
3.5361901235080073,2.9034128176833676,37.159884033249014,4.479430861873962
3.1131622175928855,2.2258615020741344,18.732795573882036,4.444416982523313
3.509360583952625,2.3996175106927606,41.810864969984685,3.7511566284794977
2.9483284647178594,2.1339863365800196,35.257940227126795,3.5361221259526907
3.3327524295430524,2.4881456381813263,33.62103794614503,3.7353573361526915
3.2318123944360595,2.6562520059875263,34.88559909865525,4.760229623870916
3.6418088089276397,2.4379633828682996,27.397177229136776,3.8870908082936015
3.8821556945747773,2.7558135954052307,45.44461247213089,4.252897889995831
3.20988082211093,2.3453430976780236,51.76354108537528,4.628875786472437
3.458772239457697,2.518870567683165,29.970707026935806,4.523292261131666
3.716717729827373,2.861890851553883,35.71944063609008,4.545390046056271
3.0012487622230792,2.201564866015041,35.11828510783835,3.2325053409387734
3.3545686788157165,2.7777246916055103,32.17006703024165,4.172062613570363
3.0175023491141264,2.575335338328611,25.972291138760358,3.831344863449047
2.938484490177229,2.7829685162236433,31.403015462473224,4.487890978337245
2.9906567300318807,2.41929668749721,48.96188102786443,4.0796762962998585
3.0884618628040004,2.5573855981899705,37.99666446541819,4.274037803364964
2.884028214421337,2.4096381947095797,36.04146614014593,4.3271563041982715
3.9865809114795745,2.8559231809076393,38.86864195114875,3.6994754727078525
3.340196893762529,2.591298235706493,40.934028762270486,3.9837366731821833
3.2693832066205126,2.4982749355808793,50.06693350214365,3.911076191127113
3.2520277383807468,2.078140865186865,44.23477139783884,4.892364136661785
3.0156439920390326,2.749903027603212,39.00733574674217,4.053200169504505
3.437620918913219,2.3010765817297596,43.586943630713705,3.335842676755506
3.380750757127923,2.4828748509068657,59.23712601862423,3.7429071707879586
3.2516446236154986,2.5490485047919407,31.44127574364981,4.7900709087755615
2.7352210617455466,2.6220686770836354,19.453050605991773,4.547629511029966
3.676081218532844,2.4526393836100953,46.25869511734422,4.484388976290605
3.0639846562893807,2.6956479264667474,34.222001983319736,3.501054556077311
3.345575931983733,2.225061873613281,35.16313665595768,4.510066981593799
3.3258861664508057,2.7346202907957173,49.16680734735564,4.496455870885206
3.145438800683112,2.5472909307355898,47.42809468864718,3.9203340746735744
2.8936168836993845,2.2812102390287774,35.9268530306157,3.8961638791571307
3.1441569817200183,2.714418556422999,24.83872806151091,4.323278506289173
3.5194396747278742,2.6379933423924813,39.28137898987979,4.386878499753805
3.2739983731970796,2.437998878160459,14.377362228526696,4.458574408070226
3.5103357599439953,2.4672803062349073,23.8991677164542,4.289393485438566
3.480762283550739,2.461882766137737,44.18683574664703,4.627683097503257
2.9651935072807554,2.039567449216423,43.007384467813516,4.480218203057504
3.049219709107681,2.8442229662059253,32.46336296144811,4.390853143795737
2.4860868548580073,2.426343336984714,25.099451425625176,4.604944921402198
2.4864035487192355,2.3517378157020774,43.075864899827266,4.758842971776174
4.137273973921643,2.534585031493411,41.87546585059984,4.367249347001762
3.4020153964646243,2.319402258816857,44.692651320830905,4.25320628132023
3.72434255571846,2.4670554950505554,20.08062302935893,4.546011302005089
2.6458750626472534,2.128279968266755,23.184640364497614,4.2786728865590575
2.9726809687104407,2.644595328939762,18.390845522162362,4.437166392914782
3.5995942080905294,2.203103566700346,23.951376669888717,4.447944408589911
3.7012074665449544,2.66643784192458,30.115102564694503,5.1168596815102
3.1748370644033033,2.721264841018909,36.27766695890359,4.669926811944381
3.03537576079799,2.5645442725248313,33.061124686246906,3.8949864978972855
3.8799705780379163,2.5915326969136947,46.291676186329205,4.261406873151701
3.5379598808069534,2.3878139866358916,43.91578094618289,3.9877239108436493
3.228901743947836,2.7030473570624687,33.270229668219265,4.66155701609455
3.841012885588317,2.590774633424956,30.734592829950987,4.256211124930447
3.4295051317683165,2.4397509344847417,41.305187344258655,3.9224197095309443
3.246074772453213,2.153128901875309,25.644595286384824,3.9835730320118183
3.265792219509408,2.4724696650963662,22.86020068002112,5.0543061270382035
2.6620322085652615,2.6687828020031,42.524753238863326,4.557368699057061
3.6363174913626493,2.3071037414247906,21.61462753545048,4.971342300741341
3.429044951010564,2.849162193028213,26.344368165269284,3.811733364126377
3.3268313283881885,2.3181558078810953,28.55144664458026,4.880746293904492
2.9720919693859216,2.3740504146990706,40.90544556296919,4.925767655400934
3.413456106100478,2.574402692294102,31.299639492473418,4.655275784192103
3.3492261114925608,2.8720593413067745,27.804226863502333,4.672504008689777
3.554593888910436,2.779663090972148,21.84051809464193,3.9735354040946613
3.3302554752253495,2.3750883415423023,44.90386669423749,4.519928335026704
3.5196477177486916,2.2276309628341933,24.087205215578283,4.693768012578924
3.5965890618511396,2.435888164669726,30.765668162628582,4.683752922045036
3.234952031915565,2.107189379150126,33.88033931098112,4.666519797291118
3.3601902426213823,1.9446075627224189,35.594368024533935,4.206838123680408
3.5321670190208745,2.9729201873593496,42.8495897366964,4.205864332233249
3.047065643054775,2.438515762186976,28.18417911772723,4.616163972011337
3.8879530736542405,2.6249484762463613,20.693295180926402,4.0904360179179875
3.523969772796732,2.7662296055727174,61.30793638790764,3.431636298564907
3.4927641265269194,2.224401702577983,40.69505886313079,4.906256428223633
3.584544820373409,2.6756530352852788,51.03755968298423,3.675990351890962
3.065953024559135,2.5287720298216905,19.599286731961676,4.552148456687145
2.7110325009039293,2.597210335137042,31.764381893070883,5.660840260837237
3.8394592758289394,2.5643274315449167,29.26841596171548,4.4377194324649665
10.544396511138183,2.6902314457671523,14.95814169188123,2.4484316331562193
10.605530003325681,2.091657507416777,13.847430908534923,2.5680798665105455
10.628661547555192,2.3400555477471476,17.90090462382292,2.878462067334786
9.347343821006673,2.2799888183856236,9.809721825382635,2.38529861227629
11.974607135930553,2.4527128962839124,24.48207071861855,2.7510484941670317
8.871319438687204,2.233070338594135,25.202336183057145,2.3106729120030844
8.650002986254085,2.9354579198993402,33.526669685955056,2.52276425181551
10.900938069333542,2.6605577985377105,25.4066806219594,2.533127295075982
10.307306454996022,2.319732613395387,24.189053079642974,2.5874466103255
11.130604505978514,2.126963708873069,42.512757040432206,2.935714906604608
9.646028657467923,2.6205543959063227,20.963928774531848,2.347955341729965
9.749572206668107,2.580186294973061,27.816882622229873,2.4496431141438193
9.590993800788675,2.4876154700812374,20.044375000349802,2.1283773423424717
8.793268178378412,2.176699468689359,39.68061685612807,2.731174947493619
8.201661542786242,2.169952763085829,18.174221732059724,2.393280722876166
10.29259495524508,2.3986797333229894,37.314212898447224,2.629282839870976
8.633338226900538,2.333466320069471,30.663264713478807,2.421519812760159
9.969592231951424,2.4580503968087055,17.839345783888593,2.6784091729277906
9.68449778650242,2.4847419998995335,12.979734287193534,2.5860499003902153
10.339058409892408,2.118938994756899,42.62386465359197,2.546876181039567
10.412484258302399,1.8110244393641302,0.043625902906216645,2.8614162547163895
11.283753915597904,2.510949188810023,11.844615250821228,2.53973369416095
8.60192411132872,2.9605097949744743,16.982508540099605,2.3632037135143444
10.874764810140771,2.541358976809882,22.493918170984912,2.3921892420208866
8.934519589509902,2.1674629741021127,29.752514754328846,2.069992893790224
9.583522164521698,2.393508136623162,19.24579466407214,2.699448091210627
10.901204080457859,2.3359986047020063,22.431847025881854,2.6600056675464314
11.889983405683097,2.886272506756154,15.35144963326928,2.6726469901749463
9.84351612920259,2.872904199545695,29.057471406737513,2.4145158901613106
9.120791939655787,2.4810379407015497,14.529279939943649,2.692089102047922
10.047246412188002,2.482832121184988,22.679596707449214,2.9300773265572846
7.843316772128823,2.4567308553395555,25.4755574884096,2.378635406029239
10.22964408252737,2.787405221658812,16.5418758495028,2.4803622663297604
10.733635054227076,2.0021444159005815,14.895146411005538,2.2056588572213194
10.642410491534608,2.3679024652193976,13.136124950799312,2.4454765152235405
11.328084849088311,2.396601159626508,15.442088603735945,2.378205775041986
9.0954928056506,2.575073520316027,4.942382300486191,2.232613633593575
10.274060714177592,2.0221229120397415,34.01010177671667,2.643828116784575
11.429876700207654,2.4274267339344733,42.33335117668682,2.747746412912968
10.45096681087893,2.0981614818168977,22.318155996328237,2.2396110135914182
10.307607419544246,2.0848396712103194,29.773912330747468,2.581284924570937
9.498482583198301,2.754732856517015,22.910855938340582,2.5309402750171337
10.934951678794118,2.289643700432641,19.341216856019468,2.6121543050020444
10.109787995440023,2.4224569320807747,24.250009764540575,2.8126938936536874
9.856058697140092,2.3679583595988607,14.704233835058563,2.345026237841447
8.949330034333398,2.555479490243938,28.770730329956113,2.031595826984378
9.35686206336477,2.428108590111418,25.30177316450324,2.4506339310558256
10.664632612785137,2.521389827349556,24.669528928425372,2.506194960983138
10.67820702659155,2.8315476102727173,39.18327029699417,2.4605420263962667
9.782037384019509,2.6469816887739483,26.925983223279776,2.5864800166913033
9.81310184684058,2.0962910007946416,12.23445131222089,2.482003371089371
11.92605408706627,2.668487492559094,22.01387140412529,2.533053852312295
11.484598303901516,2.593598689783984,28.520851594734125,2.259872755310904
9.65686034949951,2.4350829710377933,27.699815624713086,2.5207178702631716
12.01894633001885,2.52390157463855,21.00693058619347,3.018793227448143
11.037234835398342,2.0972305560244666,13.843398582405051,2.4816580430633763
10.898867533730602,2.271285620976373,12.291239911242664,2.637585759666642
9.404897367148184,2.9307593716742155,21.601159189935014,2.277799043744725
9.03740626953862,1.9766501954279976,-0.016239009984065536,2.8103258022239905
8.98709357232931,2.206853041557689,31.531527570455232,2.4394454628938607
10.292008261930585,2.453271960095343,16.485922953621213,2.3580837316866723
11.634902502828552,2.0695902841797595,23.689527889179068,3.280111018890407
9.201532662381467,2.313049280455531,24.748239851141168,2.516244168695251
11.591028391261904,2.2124590520470493,20.4344958919783,2.322101795920954
10.054170386703067,2.6475978157437434,32.11774866307125,2.3481347856056933
10.59920716178644,2.5204609890761835,25.128158049580758,2.741522108804944
11.231894323717627,2.721868970712969,36.349646120919935,2.751582756005294
10.30677134176275,2.2501889488454485,12.546454403976956,2.6803472711601346
9.582347322762656,2.1060996567128125,17.782367883843406,2.2217028032786224
9.438625493815094,2.2770678920804257,23.91953249935699,2.697946968834476
10.869203368730041,2.2957350453596663,30.554553334465012,2.445048853264402
9.903131934766495,1.970206875468639,9.17084733578226,2.4766730219630797
8.196125353119845,2.258347970933687,13.830702136919937,2.6323774737498127
11.251403075425815,2.9486825728199193,13.653002848835428,2.8980596396230176
9.19553090188982,2.6654566849323973,10.28802085961246,2.66659557808436
11.445283340084671,2.462813545139824,11.25859437057002,2.1941668185565817
9.772472330612315,2.245970150483275,22.9125756942903,2.3119556091393525
11.849959935546718,2.235720910208798,24.852124386533298,2.723510741986259
9.97531444853169,2.1270819173736246,22.381724111820823,1.9008181675732982
10.36451782272835,1.9871101896350802,19.272398056410946,2.388923949732532
10.184461216253688,2.108161445109673,12.553690526105008,2.973495680480627
10.269782693896754,2.6279980086334853,38.69668129789216,2.4678799070726893
10.786345903097933,2.6732617431275285,33.75159218765851,2.6193371117238207
10.016750837967455,2.5791136903155283,19.181621500643665,2.5776350437009263
9.942627719764383,2.314238051267981,23.135947903368578,2.3382175301501094
9.03927837461289,2.0038653785374705,8.440232377641154,2.267584985554585
9.823713244347339,2.124128819875348,32.12209511756509,2.2837750235944783
11.060700116170938,2.5502381218320473,34.07436498020084,2.5630024449523767
9.703758305453151,2.4774811322134997,21.19088732135711,2.9097851281449896
11.121909275233929,2.498478167848446,8.979899962474601,2.066256969174635
8.298818233656519,2.488261148067981,17.570877273574343,2.8666616881187372
8.257949373147133,1.9267880444395573,20.258087159622917,2.3838931185234173
9.266337776186358,2.630139589235337,27.121691319287475,2.2789693098632644
10.747383497658735,2.6965549422281656,14.680718376363812,1.7858896023022695
11.305856905610796,1.9447308328737523,14.384620131551445,2.4258443888369383
9.968244575794207,1.825883310786129,25.907616215882364,2.437603218816147
10.848874069204665,2.546544195880502,19.499657008305164,2.744186509111909
11.24957594683152,2.4141078783052685,2.2809884807601817,2.723913497384552
10.285805252233438,2.6082372098224265,32.67055955639553,2.6432463610665695
11.0498067045511,2.6379744367693756,23.174471219846097,2.599537138659385
8.780468875812952,2.8984387739517374,13.18362820709355,2.5648213068045824
11.598491176455575,2.8907041264066775,10.571459914910662,2.7722631952497685
9.448818492892832,2.114191672832755,18.950684897616902,2.7365971167495595
9.229248714006296,2.2100655026958056,20.232796701773193,2.4399424546164057
8.81442522341916,2.2819743536657375,35.402893944114425,2.15515469062266
9.215200255348575,2.1486148866583874,16.53209809243681,1.8516970211740418
10.947455657378406,2.509606037135541,25.69684718985774,2.4617260983078992
9.66308800665205,2.6481921951615783,19.470057607869393,2.454268236802972
10.15353444867438,2.0633282281960126,0.037244744635401165,2.627523167438488
9.18036224406644,2.3756433226844984,17.566187518084668,2.7634577682072234
8.547713569573272,2.573991742621506,37.42964390015151,2.748815532920397
11.18367897379911,2.0335516865188676,9.894108247142553,2.696117975249396
10.074502576772407,2.5352089359021623,30.875710359629263,2.3443938855210367
10.090570228455624,2.8046326899383907,0.03368275044791063,2.270577616745058
11.114634252687626,2.5484117203999705,41.6202946529048,2.9430161976195426
11.76020573453021,2.375993869715836,27.422745886301964,2.517318983198119
9.22267112088414,2.8723791748035477,14.360626288428074,2.1048934568193225
8.83222466796242,2.930959422515398,20.072828200037875,2.588903752539211
10.571235822876078,2.4315801310956466,38.65605283907559,2.3706631165690863
8.604919625670526,2.4111784253492505,27.720964879241777,2.2437990124603076
9.895567274398024,2.0995304616476185,7.202587375946715,2.202270857507471
10.004605926437858,2.3546603122611365,41.28708144133224,2.896332182669317
12.058038080109366,2.409444749126502,15.051830374933342,2.629219010226428
10.687637602672494,2.582696983002014,10.516654483264752,2.6441602314671893
8.82161702585676,2.1010216937095363,18.753280218346692,3.024203112978363
10.067214859083336,2.259098029927585,19.40058657590028,2.6620983884257536
9.296025339580224,2.6703669899534677,17.257938245847797,2.798544439416055
10.752058387899755,1.7870032944477767,24.94373595488473,2.4188575305006847
8.96762475772604,2.2825095508683533,17.027375198743396,2.3465706945140465
11.381757637685851,2.2104934176936313,25.277918866328488,2.259816619889408
9.647331780976995,2.5802303138627978,10.728310271805647,2.9137763786118285
13.081680867091878,2.5112170408369305,25.067251162492386,2.2029446143071394
10.216421952652343,2.284669931358125,35.99711206209724,2.029365173498019
8.704906293477553,2.0816567632751197,29.93647301889977,2.9088678684702063
10.032144551016543,2.5776062822361445,29.45346307873908,2.3192268690163655
9.790713162459687,2.3823714241581126,11.360355674864342,2.7703809624501328
11.97797810195257,2.046966069456413,24.89105600361748,2.5234964076555086
8.630366242737656,2.3861057780191453,26.906148059818737,2.278175297103988
9.134796810598198,2.7139132887607635,7.127304681783407,2.2478413221048394
10.158980521352573,2.8480938940840663,18.221015765498233,2.720686731591567
10.66839087137247,2.9316566945216658,24.825849680668973,2.5107101202255793
11.476385406241098,2.5780379666482,14.988902037236786,2.3900432990034375
9.810583158800702,2.5604909609437323,21.146300387692648,2.540723852222221
9.996821948124246,2.5665281158373188,1.3254887320511202,2.577430947105764
10.434133349504297,2.2672959962573844,24.02512604576526,2.6433868389504735
8.377759365082566,2.084599366470275,15.4833696774795,2.7302730171796363
8.751747026308252,2.3493801945965247,33.58818624957701,2.5445358702761216
9.841825975820957,2.3238154010126237,19.96935953359759,2.4609321240071274
10.137083076773115,1.8151976051546397,17.919445884004528,2.038257849420582
8.349376027102917,2.2868903341697,9.164125658595971,2.62063678528863
9.44211883927549,2.276724002804663,19.40230143918907,2.3707378461273154
9.830832112840163,2.3294369207351115,39.55886331769787,2.614930352071752
9.583611774519584,2.6880341441193685,30.137670053580234,2.4533201336609354
10.561566528280306,2.196305268232441,37.280227128822176,2.6137470820524586
10.321822290383617,2.001456432873758,31.59249136677451,2.2711517784056277
9.441730893801417,2.668122663474719,9.89712039156194,2.8616316800903236
9.809328220769848,2.6908537022437864,23.320651431211076,2.840646271640881
10.753001863959554,2.196088180734392,0.4324953776933619,2.4850336680674423
9.388439325087363,2.4138262911240713,29.820950322550285,2.5804623279122763
8.626424289945014,2.9734563876386884,21.878604352497167,2.51557574345853
9.634818438115468,2.253321562475164,34.1652992911703,3.0187944848161434
8.497289415808245,2.5472407845425122,35.75922923729356,3.1295676310692824
9.901557206375394,2.3595397860017537,33.09614179184293,2.9404161134012017
10.566454632612174,2.935717132618216,38.184064391802366,2.992957261639354
8.37584266353974,2.2575481380566753,24.76348397419595,2.6041873057931593
10.53572008194294,2.415524051877589,20.402927296361092,2.1887317055479403
9.252405715220531,2.609233675800573,26.807628476186704,2.2467208228844227
11.009686666097236,2.6011191831340335,29.661101984349468,2.4314887199484327
9.163487008244093,2.8781151415229314,27.596950513930043,2.8136189640627713
9.309786542354852,2.9630662356774673,34.817559628946356,2.889543565251285
10.931411481350176,2.1559725196966184,19.271135131735978,2.720483312596247
9.312804267033059,2.4746377262768733,56.56732611008961,2.504242310612626
9.940254056796613,2.732368670650947,14.79664254605967,2.3351102717775296
8.512727389598274,2.3330678895077748,25.716279208443467,2.5338923708583914
11.243888307904577,2.0244496617549137,29.866914869043484,2.0936720931614143
11.671079738513948,2.7025531763200323,23.203763924373234,2.1334375083531
10.216352721011704,2.271882897812303,15.799027250747365,2.2895382797925636
9.578435496384136,2.5728674598860435,19.9687482321427,2.7485922501388984
8.956347585463691,2.455869682156486,24.566848047220617,3.160409518142429
13.229934065097552,2.5939866192344914,29.4404022134787,2.6910052784589524
11.330291480984723,2.550393749486234,42.2019870374885,1.997667992071655
7.895859710218237,2.1713931350441418,34.904604737236006,2.5920281727335004
10.689524959137676,2.435296704125808,23.64976473076456,2.6020297341747916
11.897851528269994,2.857862291513378,33.542659488142384,2.64403821094814
10.138550055990201,2.5470384894193354,35.20023474948813,2.330953749932712
9.690173975717823,2.398549084902861,12.033973961964948,2.7379011012796903
9.511732628600255,2.167805912875815,9.18333067061999,2.5027030542491753
10.555294985682346,2.1199794684505378,23.448892551263626,2.5995972071671645
8.419831886335933,2.9100988964610233,23.76245495376317,2.699064384380763
8.260161438423562,2.6601480570760763,29.79090573258628,2.4838295145525073
8.644778895867823,2.6371683222502345,21.606348715126654,2.805065836488238
9.669928425003949,1.9039316167769,19.712036916516965,2.461531175944395
8.519200938338853,2.226157551529814,37.40335463882343,2.5317879468389184
8.941206351101233,2.4326851667385676,4.1014728011724015,2.4245725100266755
11.380166162111893,2.170285765743941,17.47588939131505,2.4355356908571406
10.760120250643686,2.5104136626241673,4.778471972065288,2.4946695662457206
10.261818459762452,2.4008107211143908,20.04236205210893,2.637086859659262
10.15358259960953,2.574784072190353,52.771345054349204,2.5084988727039796
8.780041035178598,2.3114319589883863,18.711136904163084,2.4923629733858705
10.289315722781875,2.399555652613706,19.639709659758626,2.006326756637234
13.41370441582164,2.6153297341612793,16.223348922889937,3.014946687110188
10.756418879685084,2.4627258018393907,34.72567878485572,2.065059836384567
9.576780012167914,2.4451734753370866,21.098517349700515,2.53170178364686
11.035714736040616,2.194177388190581,14.978041901491332,2.6238723902630525
11.150542850432482,2.8210370173811383,16.65073935579473,2.65882040552696
10.640808536719005,2.3374732636901587,0.5871008530472301,2.5417837111456514
10.18022417428225,2.289192072696042,19.63435608921393,2.5152154337437818
9.370234808532313,2.7076997524044457,14.026669446425291,2.123115305123631
9.878028385276341,2.5847482998445783,19.86918715322896,2.3994146094803255
9.266510530207926,2.2102347899063814,21.813983937360593,2.7771958595629163
10.6553982590532,1.9956371462373117,29.40811091716917,2.3295082165001215
10.23764968474094,2.6719296539679482,7.960556621318027,2.097206427876101
9.350984386763201,2.4244752459421197,3.9273531905381627,2.297518996572271
10.904269305511496,2.41855857825111,16.741125776378745,2.4392385105790213
10.458199890511732,2.3163672513819944,18.841573162637967,2.5039568965933667
9.591472755186963,2.509945319796379,21.624695973313724,2.5159616660703494
10.249304866398138,2.4712822877365372,21.805913608516157,2.2802285615186277
10.220863850972615,2.4332282655310267,8.6100879608844,2.5381723952125284
10.478674402689336,2.651447079704281,16.83346519005092,2.835763329218665
8.556263324670953,2.9024713598116705,12.265339476789357,2.330908573056117
10.155115748746738,2.4835974170812527,19.813904639090584,2.3091115303000107
9.797130410713857,2.1996425590015236,9.770242335608025,2.9171736960177563
11.700998964576367,2.678865790924455,31.58818801866864,2.1538603072760805
10.906889005928244,2.5307377908510538,16.166534339862036,2.8157797892031766
9.478772357771073,2.744263311586725,14.603744250778597,2.318447481478039
7.735460357341628,2.0965833968563627,21.194459855621414,2.844033862893635
11.293004744470643,2.3036970115435906,29.50648301183962,2.5555711548446927
10.763446001079707,2.009771371884087,31.542357944717402,2.6405531753411577
10.520283033962222,2.4628697113527647,17.384315567147166,2.5837931665762577
10.99693496609745,1.9352464678847965,16.004792865064225,2.2202335513095104
10.843640624150021,2.482079886846419,38.08787377442611,2.6536099988024975
10.21111414505041,2.5457425167523717,10.975658881388513,2.193964154095668
10.321035776027047,2.5305300146779635,31.23874842808652,2.753848590638786
9.775068571589388,2.2385009866337326,35.90820986911143,2.7910333847096562
10.752675441305671,2.635435162254086,8.046346136621997,2.7248907734219587
9.803775245557386,2.105208026256946,24.30655945214575,2.8012473744961706
8.918949178316502,2.4337585063914804,26.337463519310457,2.7663778360937745
11.159882778809283,2.452351867778147,20.579852994151484,2.4333811424695853
10.33036199123444,2.3223671886207375,40.11020583630077,2.180980707704406
8.383065139394727,2.7787257394834803,23.675289531378052,2.2750683867788744
10.21943823251421,2.790439344530111,33.878462893128244,2.085363707867695
10.939568983989368,2.4943154099524536,29.73410368026832,1.935239336631168
8.388670805415087,2.7475701232203407,29.56618933307671,2.4679754828957488
9.23244196190963,2.4258943030882953,8.35292085343225,2.3367080971050775
9.138214865700176,2.0647599711153704,31.638278652806598,2.3389688142004776
9.699684759072703,2.3235622019744118,29.82572953250431,2.2564371266525702
9.669726014892984,2.7271904945428735,33.58588958225114,2.186959423284382
8.898584043153951,2.478573275380996,23.509768321729428,2.509225624329572
10.872652948746328,2.560255925529386,13.741351088981688,2.5980878317376632
10.538123669302374,2.5384966416352706,1.844866342618171,2.32228355821202
8.277379533521463,2.418312443958434,30.640927357370458,2.071397202634444
10.482773879242796,2.421940434193394,22.957849718759537,2.508271538218408
9.435224975264603,2.5152370102884625,33.106883316525156,2.355429230664145
10.949223446517715,2.4098527956806404,14.639407356863725,2.757581605861756
10.921686208319558,2.616235136040253,28.894064698799628,2.8522958139883023
8.853176433621755,2.405035042552292,50.6049654911331,2.8334550406954233
8.852907230794084,2.3728363882384396,15.493467945476311,2.296142719635578
9.65535486473926,2.373785250262465,36.28613711993015,2.1478622885059253
9.640410547154824,1.9187075653656274,10.342577804507993,2.1273830349524854
9.856239455655652,2.4848854513922496,10.541696277105034,2.5210675235110203
8.541884135457412,2.6360424105856795,8.418204388420303,2.219842608883871
9.499074221973613,2.4004312831599846,24.214458762904133,2.6428432923296192
10.90819163224118,2.894845237919358,42.8581219413871,2.685441002206937
10.497767881684439,2.1039701112105638,17.32941345456263,2.6184938732853063
10.127978934824466,2.6469176947815853,16.779125465090523,2.6386796893823776
11.1142108227159,2.6132785559983938,12.7585621122061,2.3793953408920205
9.790737545901395,1.7025488548017897,18.820283567378286,2.9913512179781176
9.04044079526582,2.299897797437054,27.324910302376743,2.3627582170913035
9.779424737631953,2.45827705356618,29.325363372253005,2.5696230611404864
9.802324702144249,2.638447649533621,25.92180071578465,2.421875215644138
9.602122962453732,1.9351038633594118,21.980900946901958,2.6536104178394693
10.32089458696486,2.1285248307461546,20.975192066155245,2.7464667823232776
12.07735311976547,2.8252809106653105,42.57770940072356,2.4850417003005516
8.741294728780684,2.1749474945844964,22.754133761996055,2.0290816597351697
10.555222899417874,2.580404546067823,13.123731060644975,2.7209252766544254
10.940370909191305,2.482091105121848,37.017848973602554,2.7971883563566116
11.43387729641112,2.4445460084042616,28.711702479529123,2.5441201439710404
9.260053580793153,2.6807799279120132,31.58409173597915,2.8882968673026768
10.525526851141263,2.563413545089736,30.30512380297746,2.583743756871733
9.859443651186922,2.036388954581006,31.791489587372766,2.622399777201672
11.037033807021226,2.5403630614216994,14.722914795096866,2.7587517198941107
9.974889750774754,2.2573620176576865,23.114296974194176,2.2076643107233154
10.669420537055519,2.2681941410976276,17.133562307511774,2.66135345163701
10.007372579706422,2.800911658450567,16.082265329022874,2.502301475489332
9.931206482228207,2.5742490221676197,11.760129440700794,2.3901227100003424
11.363546087046648,2.110636699943894,33.466586026912985,2.653637382073635
11.199403426850164,2.6662403105633907,17.539326372017882,2.1756519273826846
9.498942124307845,2.3293398440820603,35.90838341674612,2.6406401436777607
10.79898655315445,2.5648421080153936,16.077268375857408,1.9124084513331243
8.955678569866839,1.9864308568519378,18.381536324833178,2.506056502463486
9.285420782598438,2.3134457242420297,30.462030747574016,2.4149597689021176
9.961548258202969,2.4389665289520166,33.55096512629843,2.770092352404219
3.3469078781032433,2.5882839136306366,33.54324372672904,4.755409278613958
3.8668805918184326,2.121911326452197,20.26024541675115,4.547167115220248
3.4924360856395595,2.766003694745913,43.38935334856721,4.4329514666139564
4.096626195571915,2.0705910981654116,63.98661105360758,4.317180993506991
2.91284108538495,2.4843084860313134,27.024358248604766,4.130078725422996
3.4428531650813046,2.6324368562366907,31.30481348796435,4.776514373685519
3.3885082084121545,2.678566017909826,38.3347248850275,3.853818637978803
3.3027753497622117,2.540990531080204,34.773186704942674,4.269338147115121
3.218529777327307,2.3088407490660225,47.931969848566325,4.227217768286521
3.654196568859117,2.303414368303181,31.383898053345185,3.503924842308385
2.964706342633979,2.670462266017417,19.752652309481785,3.818003423346289
3.7158087942442,2.925386066197518,43.868342701790525,4.081659118402355
2.8454844802377783,1.941194399636283,30.55965972335792,4.061483233735632
3.277864596823064,2.30121625492657,25.724252703296184,4.6869785699540385
3.518154691148042,2.502347528650975,18.29180212425606,4.130103260895521
3.399709976454051,2.5755805309729385,40.26851795018645,5.159716358132994
3.5309242635140365,2.837229496319699,31.81707569020811,4.07797052472692
3.1679350211428083,2.7644876207041724,43.53852991886252,3.9381822587421116
3.6925904204163778,2.2474571259087726,34.32705843531931,3.3693148531354318
3.1452181905673164,2.286884737050336,25.32921003100355,4.657550635652594
3.324978223072562,2.8602978589917263,45.019645100365274,4.140692426230931
3.2254756013340793,2.7779020378664354,34.363228886898455,5.228284080136172
3.269495336352161,2.888261111242444,28.95379579478565,5.373274481474751
2.482540549328813,2.6904082281451336,29.89287977665834,4.530133252794183
3.303260077566261,2.273175173040333,39.12197054461149,4.622767700943992
3.442786117819503,2.510173494785736,43.8881341256514,4.5916203423095965
3.728355852100299,2.6622585784378554,28.849799958910573,3.9605545778081126
2.788153032541458,2.7286383665048453,23.901276014448722,4.03946522908955
3.3816934566088976,2.3915055796903166,42.668666946256685,4.13733119204326
2.9796117837314164,2.7004870548912017,51.95950890904268,4.37087493463419
2.8546562207723376,2.433318583129058,49.13191871109092,3.923180107936442
3.395961188697328,2.8876895871098403,23.62189387078787,4.43561414869524
3.5767660273479853,2.927247340156655,33.59914696416306,4.305730033811434
3.6358679271064185,2.7920962280832686,37.712149048376794,4.619270215220542
3.636802309026207,2.904692505182707,36.91695998386408,4.092492446090481
2.919258192006797,2.608792266588525,31.21413517031917,4.271112865606874
3.689555024155459,2.741626401147857,31.22637566574058,5.023560081747534
3.4665352306244683,2.5275334473662894,31.947526225403195,4.631437923944085
3.161344785822424,2.711694188636279,49.11414135258623,3.696290362365954
3.6781534606456634,2.3922722305765043,41.909397656274805,3.8944574194709274
3.3949885450565844,2.660731977797706,19.509066598860837,4.9224184674609175
3.669041322177087,2.7666017178265223,54.18452432582904,5.3120973832935965
3.587870261450218,2.5605880189216337,32.67576410321579,4.977826255044208
3.2225341006752206,2.6522294863182694,36.537139445281795,4.846380696646402
3.251704358548734,2.488121690724734,42.7114348165669,5.166745171205985
3.1469276204832517,2.384677525866313,20.918780312605108,3.9708277494018454
3.9001835030991834,2.527192875891089,37.179582403957745,4.889657850431571
3.2988776193680835,2.716286922806032,26.773396623023356,4.53716942475864
2.62989505795541,2.0657128399520013,44.26000746339531,3.9700636141758485
3.5303932352363354,2.4575945550799996,25.181200496634027,4.583392430092805
3.4061106417522145,2.2250903898810193,33.44635369539434,4.715128534368559
3.102435725674593,2.6223537326761965,29.790574964812425,4.240971603243648
3.2546054765216605,2.2165007060471003,34.263823906280315,4.485182624488617
3.5976628877555354,3.0022909600703316,34.11817699839989,5.054077094999181
3.754657377038828,2.920215971465751,16.515472272422652,4.287597953800965
3.5978032966854707,2.0868285188172377,27.5531529850154,4.148844082889842
3.4676941618400208,2.6884644947747622,31.748696690242515,4.039768662092972
3.781601124080989,2.3328153284434867,1.7833285656398086,4.020155934717111
3.053439732975757,2.4661816143541833,56.05410848697773,5.1019152645979515
3.1067121754516167,2.2863275216997305,25.432192981042032,4.512852837513007
3.4130436121555543,3.067824282908824,35.34915594063633,4.62862848018239
3.6234387351909834,2.00567924135887,19.003860276596164,4.57072006450186
3.123338834280619,2.8206320441689714,37.010334943007784,4.650895462702744
3.5856187316227444,2.354929376003101,41.04396073042602,3.906373203889383
3.430115495600616,2.512245960361857,36.79051345904381,4.856022616996473
2.5894435244999725,2.4219526620167486,21.26405284371275,4.74063427339563
2.9801638689082477,2.4362673389227254,32.760176909530585,4.192903688462718
3.2126389478678834,2.724753938608858,60.16884901920189,4.316533974457444
3.2137961871603116,2.6096389766037014,30.79364819207162,4.501841052505172
3.051588517995174,2.0931987018004596,40.26136170002629,4.833622004938961
3.5021582611418243,2.899357749047957,47.39018118390331,5.121723236758898
3.140922479796562,2.8625402479695166,13.966607078877924,5.47164491697474
3.613249898125483,2.6116768274372197,51.383203278828944,4.285195292134398
3.7409234800479023,2.124217799836567,47.103971026693344,5.14787594869395
3.5668727568769816,2.369238113364346,52.45383152762271,4.323619549706498
3.3113850238152662,1.9181638753273444,42.469467163648076,4.975344885246419
3.043229928296629,2.8593380713680405,41.66755493503301,3.722466429430912
2.94734217534544,2.4852466472415737,37.33395256462406,4.274679912305447
3.483080550941344,2.6592092307228925,32.64960316194513,4.465433358114972
2.941146420729422,2.651449376396298,54.21160865137897,5.269810949388527
3.1494742873457797,2.1345876078638635,38.28964238503024,4.688968856289166
2.822137803909921,2.2571894004302147,18.184981799292625,5.362165024940483
3.3068613418948383,2.332103152572468,29.752549929369486,4.513685275214856
3.6206448419241455,2.00135288857887,32.38226887291862,4.588004664450436
3.639235706612512,2.6401838614398825,33.30991605603454,4.3459562152445965
3.068830067950213,2.7248642783694503,43.15637225451313,3.834839790632028
2.677889557519959,2.418052947975207,35.81017854774056,4.624345824110556
3.0831795836349762,2.6303611918583507,24.31692440638323,3.8956438992083195
3.5748657912489086,2.5069601477736505,40.61573891479699,4.258086901116092
2.9794986575434814,2.472809990877159,25.941034382518172,5.02108456832063
3.480176469396822,2.481641357658813,39.75590127698396,4.118710633048058
3.1520162461459207,2.2379742585413753,35.24874943319332,4.4482185550539795
3.0657619810794388,3.137682082724908,15.692444677635619,4.719969837962691
3.198353745391327,2.6516958256304717,18.41077681956611,4.3830503252662965
2.941647897365735,2.5168351670663243,36.258379897541765,3.86744667655533
3.3454698096067714,2.8579092098371963,28.36148517943178,4.231900740384241
3.762190479536875,2.239428947095134,13.368762547921548,4.517598704766364
3.735299647055029,2.3437953498462143,47.2943650897773,4.300004442008878
3.4111181219668025,2.335060099891762,31.016764914431736,4.911506787958344
2.7752744729558954,2.425699318396249,25.56619334319049,3.7993398137407155
3.2678540002147622,2.370051938863338,49.393978003516736,4.3382206009148785
2.943608978181453,2.183318198824099,36.719262695834935,4.011937156508438
3.601686642600735,2.3005378725043135,38.66829210287827,4.6618387497597285
2.7596197368045057,2.3885591317759305,23.117794339580257,4.544859778072968
3.784445439936085,2.6926797987961937,39.22265278355174,4.230955998580342
3.277415587396663,2.3543482502269186,30.51884750355616,5.0282830993554875
3.279713657998197,2.9834694144610214,54.13898850634942,4.713126379117525
3.553232869454428,2.600904505014367,38.68186482935272,4.358462155334845
3.609626530267695,2.1355214232846604,25.593341355148446,3.286265306078264
2.854635836110575,2.546056069429894,18.852673397502134,4.2866609864649945
3.2071095774179246,2.6212704462948007,35.87370157749173,4.88493351342933
2.437488818346401,2.1996813508773787,43.847780052139804,5.1734319217283184
3.6207795535645406,2.296368495460848,43.54119516373497,4.523782139575666
3.1201767191109258,2.635644222160843,37.05243735374399,4.325439818282098
3.5234223050751927,2.5280261098843027,33.48952933090943,5.163395881875203
3.550960925446391,2.7014011325947074,23.76302253992245,3.95397677364363
3.094955889007024,2.7661010034368188,23.058879241022552,4.726152983150039
3.4890597870994036,2.33470578662895,20.477289267423714,3.8645230495286667
3.180623736458054,2.9700298927013016,39.684343227039996,4.136159005021366
3.4021839125427555,2.50279361197544,39.75938754288994,4.948053022251054
3.558861253838361,2.58147950745618,57.25492841459702,5.008797189220982
3.040850617072737,2.6601456974483546,41.54090921165742,5.218845413798648
3.385201898883646,2.6426456937472635,38.31451149690705,5.176427909904386
2.87879098808884,2.4247460658608864,44.85285615972688,5.1991283832965225
3.7136220040934695,2.38533438648949,27.585335138160037,4.201931327051445
3.0845149807529406,2.6106044509908513,40.70656692443128,4.071415405652332
3.493320751198375,1.933245142941095,35.036441308512195,4.324279041618919
3.196044525580126,2.3477358163001427,44.58691181004196,4.403620690516958
3.6367648923091362,2.1931207740400636,41.724740846734285,3.888049023101529
2.9488115016194154,2.523620611109387,40.76810764753638,4.252295708005804
3.335755478026567,2.4054886072463773,39.94319198131381,3.671819320554423
3.3389303340811276,2.5529870788630395,44.82905248105769,4.75665135156159
3.1316753106731534,2.8685199138387203,50.331909787806886,4.300782081223686
3.4493427898220523,2.3793957309064084,50.622523628184005,4.7430748459538625
3.541244188811354,2.056939831331975,33.25093528525697,4.540051491327109
2.729128510718325,1.712584470443079,43.82960100065453,5.396450734432995
3.636806216913233,2.4383439804252425,57.116719943595356,3.7870009743980715
3.142491138252707,2.67849289750931,42.3708127767632,3.289266950958588
3.6604855640246448,2.1952333899541383,38.67147919732161,4.689432979108049
3.365763351453805,2.3607874740649253,40.31497549977689,3.477573915344582
3.388031584680107,2.6239276614261526,46.14086237876461,4.927016120026985
2.6659535936801833,2.5891333504134204,40.56627898562676,4.835253255658533
3.321973472453627,2.3936997779235285,26.959701595661276,4.501090372798344
3.568193679391047,2.248458685110258,38.579684401321174,4.029369912038
4.105230886206303,2.4419303107499144,19.669291145364742,4.416355405055396
3.5963590618415013,2.624945368939384,35.46256364596373,4.9753240632517555
3.2658434178027815,2.217875165845514,46.088392049738665,4.531556486885215
3.4901656292249204,2.4373297169340318,34.51021922806405,4.335684569789551
3.7944120178575558,1.9810076496527258,38.853929776620525,4.318057619415348
3.41338049629247,2.708347530870452,39.47822899581523,4.28656604714131
3.4384667482241245,2.4339014354739925,29.185521196855436,4.388543244133882
3.151231007487125,2.6017841035443396,24.79128641438778,5.024872738239504
3.80640282348712,2.455607368385957,20.912799840371314,4.404219244880353
3.721006945371495,2.457092549173113,37.44460371527789,4.631839556795836
3.3746689359933373,2.039938362754455,32.6772024993048,3.7433447157037705
3.602370557897998,2.4152914378011685,41.144161771721954,3.5896312755932
3.3636510378105395,2.2260829011590797,31.77833075082558,3.7352967534020873
3.380308555101396,2.2285723843735554,37.50762012905622,4.141839316694765
3.034477023148872,2.545242998418093,34.538567953497406,3.964593982806534
3.0959705887463946,2.541622475166218,41.9925754989713,5.188947092121602
3.1558551835548467,2.502806533890841,34.809158986585935,4.322797531274261
2.7371145557582834,2.5439257894697174,54.96248351600734,4.746534378382409
3.6778708633062336,2.0795682436004963,28.888926738239185,4.502743087913204
3.1621128922920647,2.5439525075368117,31.703224860855677,4.513364606664064
2.9617147361393243,2.420897183822459,40.68226723137258,3.9261257823210194
3.4679212598657747,2.131981766434876,27.61276983693898,4.84793287164775
3.5854141392959957,2.4345078915246514,32.59164496552205,5.135424952947575
3.3903243990628456,2.49525367759679,40.12432424517348,4.623149815417564
3.3425137652789907,2.2877612131914074,48.48754574786297,4.314443361975832
3.141424938092092,2.2440167656520744,35.206082564968476,4.637992521505657
3.0888476937541327,2.9111878579321417,29.638566731895878,4.283071748921081
3.368345685184659,2.6066702685955088,36.42310943204122,4.699140190732279
3.3926453768137232,2.4198927203314726,38.19855995074371,5.230821783285576
2.6794223327060687,2.650447627194206,33.469677147372366,3.477794606292708
3.2537334139204255,2.7759068063673276,36.741362476176896,4.06130589869217
3.1855047503454936,2.6702827023212166,34.70563544194162,4.447650710432296
3.070848697408734,2.98617354368516,32.30796257905513,5.198579203610579
3.007757973415007,2.431650071448219,48.86136759776979,4.552055502952683
3.4685563609360104,2.8256229882837838,36.426836578735326,4.417818221171224
3.2907417917655892,2.5173931351886645,32.41218726792655,4.47234694290538
2.880432822334515,2.6277182596344146,21.155902187444525,4.3673078044891565
3.1005323967466287,2.4527119041998477,48.84089490872334,4.3903333305107735
3.0966504902023253,2.1363887555528622,35.93635417332342,4.217248509670658
2.6699710790885427,2.478578997842148,19.79051697211318,3.8769395935909374
3.3394811246376874,2.23674315183201,37.499968628857374,4.943365325536495
2.607964597004127,2.862491868805964,51.27576518800416,3.9474535933943495
3.3760752903315536,2.867194850225587,31.435653346945934,5.23589607258552
3.021030667785899,2.43470551918767,35.88949804815477,4.8437225512436495
3.847646494645171,1.990294418671546,40.72702084040367,5.298637266315483
3.3917494597647626,2.4771189911241573,44.147157358716264,4.236491413290838
3.36086003252825,2.591134072036118,15.490260916146298,4.501157223820671
3.3337621519155003,2.5847158368668532,11.192932692233212,4.18398476972864
3.468066600603093,1.858949702733442,40.254858849120694,4.220434836905028
2.9209555181551856,2.6530548991253533,28.517917064835167,4.377654921783558
2.4928370777618527,2.859195686978511,18.156352731075383,3.411916359418751
2.977828545048295,2.517548318570408,36.105436956221574,4.504909077157701
3.5492912032736363,2.955100101059021,24.65286715008775,4.584580219606688
3.6199671545598986,2.4905719640529567,32.988150808855266,4.5709242414875675
2.99879515926665,2.633525836551996,36.511015466296996,4.396519662003107
3.272929256185935,2.2057591037495285,13.951265850186896,4.055353822445633
4.070963804628365,2.5720010190012834,44.045605748057014,4.246980057518902
3.1575335734117522,2.4459491012342065,29.86381505661976,5.53472932170262
2.975535335768924,2.4824437823035805,16.02572803078983,3.767269004051458
3.1956818219571512,2.733009109197536,30.945084334108188,4.686479705840185
3.6522211836101883,2.6361711133426056,26.466111565724198,4.705847853379131
3.2484960209879294,2.97155763635349,33.893734600377016,3.533718806536477
3.220985922451403,2.7616430292978538,32.63010887644952,3.5754584478299787
3.0868244732577192,2.56712812237358,42.562944737259116,4.514763476586717
3.6388147861748132,2.5108128119413013,11.88315368546531,4.6409474824334165
4.111460046127997,2.7258868118106876,59.3376052763825,4.282160091988239
3.3140893894537435,2.983415842732704,51.2942023360692,4.471878722967754
3.185862521415583,2.611756107372597,35.560220386041536,4.319378788521063
3.160669583182029,1.9899442213928702,37.47394024842788,4.071155561641703
2.991234926053722,2.6395854797018563,34.07843472952365,5.062709973286405
3.511324856471977,1.8811709795844802,56.84983632011691,3.9689435581008405
2.742111311645401,2.5514120753260237,32.163429810865985,5.8953298320572465
2.855781797516296,2.793543002326832,51.003570825914174,4.34303817646378
3.6260956168838545,2.6242973321427456,35.163366706638456,5.013942192461066
2.881062992629251,2.890021431333596,40.07858195769599,4.568949103928255
3.3260465297609123,2.419537999597425,21.492302456375025,4.295120925410279
3.4605663678171665,2.3352048300953063,37.03922280365447,4.39220724861354
2.862603449329529,2.689683109045525,40.574233565819405,4.208577856798903
3.2229894021747265,2.445732123190533,35.24017363480656,3.6614321355902097
3.7625954520592746,2.323076163502984,28.975658345300694,4.491424605914587
3.4230564223918654,2.455746342944882,18.80300250442469,4.134492767008524
2.960050298361666,2.1957144140052995,31.92706337359388,4.814775937720955
3.808987666605268,2.4962831971521093,40.27999812128341,3.6135915680898245
3.6970258518362944,2.548845218110962,32.38237508515077,4.123259664965893
3.8365280475105448,2.251294940470433,41.952150889344594,4.65256414856293
3.6839491503639774,2.315783493632085,39.6598787685102,4.759389036001993
3.428577200340873,2.3805300741253403,29.074681673171458,4.413834345774679
3.4627237022240815,2.3082751777867285,16.15874126731228,3.972462267559759
3.4779987450303214,2.582434314093202,41.59999974875496,4.05519428013793
3.2497017799527703,2.702449002970062,26.156225593297144,3.412157219951051
2.8609637932839322,2.6575979497266067,34.5490300731567,3.9031335238178184
3.5778575008419087,2.340637492050466,25.579631143934787,4.6858424377199945
2.8740013341983963,1.959616428969239,27.277821260242177,4.249678143129012
2.996462749608435,2.3218208504915774,49.35659756759191,3.912481565967442
2.8768685192394097,2.510495798937381,41.128786527879186,5.249207563592174
3.1959267013259254,2.931860150799919,54.65125674395603,4.301848849210184
3.329314265585609,2.5037539129389694,31.01276521559208,4.476901180624713
3.212782795378626,2.9664914335589563,34.259506750564526,4.782627959444952
3.104429292640966,2.5149867426952444,29.264703321432588,4.647127341897807
3.394444904316053,2.8364997111360863,44.88493502660495,4.902923466393224
3.7588983365768733,2.143345960093194,36.297379254436095,5.577479877925447
3.627926401442801,2.8738141707125746,42.21574563431656,5.082224720568097
3.2102812325999817,2.5679959818954083,44.71362155475417,5.129597783512603
3.4675578094031994,2.1704372293106475,37.80210408304861,4.318141230262641
3.294260191117081,2.155780494731883,42.32683306638113,4.498096165199751
3.1753923027986297,2.59216348214828,24.083395846058693,4.143368311149169
3.1213860107160203,2.6579335381893023,41.03791793026509,4.276305306813862
3.652810672693745,2.433879221610244,36.34974632368163,4.040213312739703
3.0812179648522617,2.389793201788929,35.48316238235083,4.847479554076922
3.6735165082261094,2.1581178180609553,23.345429688307586,4.384176658062558
3.5239192933720376,2.5257445449450433,50.777470214995,3.901405263888558
3.490430585800939,2.504311716570738,31.331054577829043,4.320692515688278
3.057686913245231,3.0657533479764636,35.4882633216071,4.1582095114003685
3.6517055086193984,2.110563096823247,45.31395456009724,4.092289283590424
3.137871162855259,2.505355568163075,23.444527667584524,4.6237425290937235
2.885567040823696,3.0329220545631914,27.356700190557287,4.19674073112196
3.496818895897543,2.3847762547748173,32.33211484708117,4.421133599831489
3.6545520614893983,2.3372093886004643,39.20422189803966,4.647496298528704
3.4480375209042506,2.6389226148673255,46.25512987736059,3.4373460255570936
3.4555646192125864,2.5482010484846747,54.00537879979653,3.5093758314799164
3.066167103791729,2.5865557928989227,18.110802584726475,4.156349058905782
3.6667779855152443,2.169050400128838,42.565391876057895,4.108389680483281
3.113551197310997,2.0411448271706973,34.24127043568321,4.695462714344828
3.0813075761203854,2.1770746319375225,39.27159879719421,4.51703514411262
3.2233325903462458,3.2030213101523883,26.975514940211877,4.008415181284699
3.1797582848608217,2.410226453413208,43.495586628536664,4.973598060486037
2.9961833869336387,2.4739294437653703,20.033090324307054,5.008830080212535
2.9326447261744257,2.4809547309004447,28.239452796251314,4.564424232529996
3.0658213914170767,2.341888625031584,31.072194613108206,4.94098127571948
3.323958081613471,2.6667239582188307,62.72602482593264,4.769981511061519
3.0920975385065566,2.4058081114154053,31.898162402826866,4.867490368166551
3.789939298949153,2.641761072849438,33.642314501835926,4.033141674180356
2.8530671451682204,2.965690725090095,47.12046791319244,4.1733953078738075
3.6519537493695,1.773759060205501,43.18457848674053,4.734735565587217
3.212754035504796,2.2450716602461394,31.19923137227951,4.080163761283693
3.361382229132236,2.680682737011211,35.391998024782716,4.613817972008048
3.3635711845245515,2.383519155997619,47.26080182435869,4.480555130952316
2.8824096334896274,2.5502242295149324,31.44424250988045,3.515605978245791
3.1685350072787006,2.1684153591734536,13.66041530293958,4.6928052248204475
3.2803289039838353,2.711586201443041,34.938952106916425,4.740124959957101
3.364867879609243,2.572277136939159,40.232514535531344,5.070852654367924
3.4817123155235086,2.1185605024783016,34.006079457027326,4.706875577630544
3.8512745718165355,3.0760370325555795,26.54526646478367,4.367688525111714
3.1656588383419226,3.0239703104163635,39.00948033651976,5.382902162526927
4.177244519541798,2.9671909658548574,29.10656148139052,4.337964702652469
2.919518816358095,2.493594157793183,19.24854937163797,4.593197827519305
3.1728933838640208,2.5995713528171107,50.814628030201646,4.520495611052992
3.164631392725869,2.2657461367934655,32.12811496429607,5.06541502081764
